Eficiencia Exploración,Epsilon Decay,Epsilon Min,Epsilon Start,Pasos Totales,Pasos/Segundo,Pokemon Obtenidos,Posiciones Exploradas,Recompensa Promedio,Recompensa Total,Suma de Niveles,Tiempo (s),Timestamp,Algorithm,Source_File,Eficiencia (Rew/Paso),Estado de Ejecución,Velocidad (Pasos/s),Escenario,Memoria (MB),Razón,Agente,Modelo,Acción Más Usada,Algoritmo,Eficiencia (Recompensa/Paso),Posiciones Visitadas,Razón de Terminación,Total_Steps,Execution_Time,Total_Reward,Efficiency,Speed
0.3806343906510851,0.9995,0.05,0.5,1198.0,1198.0,1.0,456.0,0.2114195325542571,253.28060000000008,11.0,0.0045454502105712,1758505044.0,unknown,RESULTADOS\test_epsilon\epsilon_greedy_summary_1758505044.csv,,,,,,,,,,,,,,1198.0,0.0045454502105712,253.28060000000008,0.21141953255425716,11980.0
,,,,0,,,,,0.0,,0.0,,unknown,RESULTADOS\enhanced_execution\astar_default\enhanced_summary_1758587459.csv,0.0,Fallido,0.0,,,,,,,,,,,0.0,0.0,0.0,0.0,0.0
,,,,0,,,,,0.0,,0.0,,unknown,RESULTADOS\enhanced_execution\bfs_default\enhanced_summary_1758587461.csv,0.0,Fallido,0.0,,,,,,,,,,,0.0,0.0,0.0,0.0,0.0
,,,,0,,,,,0.0,,0.0,,unknown,RESULTADOS\enhanced_execution\epsilon_greedy_alta_exploracion\enhanced_summary_1758587453.csv,0.0,Fallido,0.0,,,,,,,,,,,0.0,0.0,0.0,0.0,0.0
,,,,0,,,,,0.0,,0.0,,unknown,RESULTADOS\enhanced_execution\epsilon_greedy_balanceada\enhanced_summary_1758587455.csv,0.0,Fallido,0.0,,,,,,,,,,,0.0,0.0,0.0,0.0,0.0
,,,,0,,,,,0.0,,0.0,,unknown,RESULTADOS\enhanced_execution\epsilon_greedy_conservadora\enhanced_summary_1758587457.csv,0.0,Fallido,0.0,,,,,,,,,,,0.0,0.0,0.0,0.0,0.0
,,,,0,,,,,0.0,,0.0,,unknown,RESULTADOS\enhanced_execution\hill_climbing_first_improvement\enhanced_summary_1758587467.csv,0.0,Fallido,0.0,,,,,,,,,,,0.0,0.0,0.0,0.0,0.0
,,,,0,,,,,0.0,,0.0,,unknown,RESULTADOS\enhanced_execution\hill_climbing_random_restart\enhanced_summary_1758587469.csv,0.0,Fallido,0.0,,,,,,,,,,,0.0,0.0,0.0,0.0,0.0
,,,,0,,,,,0.0,,0.0,,unknown,RESULTADOS\enhanced_execution\hill_climbing_steepest_ascent\enhanced_summary_1758587465.csv,0.0,Fallido,0.0,,,,,,,,,,,0.0,0.0,0.0,0.0,0.0
,,,,0,,,,,0.0,,1.5402381420135498,,unknown,RESULTADOS\enhanced_execution\ppo_default\enhanced_summary_1758587450.csv,0.0,Fallido,0.0,,,,,,,,,,,0.0,1.5402381420135498,0.0,0.0,0.0
,,,,0,,,,,0.0,,10.95754885673523,,unknown,RESULTADOS\enhanced_execution\ppo_default\enhanced_summary_1758590280.csv,0.0,Fallido,0.0,,,,,,,,,,,0.0,10.95754885673523,0.0,0.0,0.0
,,,,0,,,,,0.0,,0.0,,unknown,RESULTADOS\enhanced_execution\simulated_annealing_default\enhanced_summary_1758587471.csv,0.0,Fallido,0.0,,,,,,,,,,,0.0,0.0,0.0,0.0,0.0
,,,,0,,,,,0.0,,0.0,,unknown,RESULTADOS\enhanced_execution\tabu_search_default\enhanced_summary_1758587463.csv,0.0,Fallido,0.0,,,,,,,,,,,0.0,0.0,0.0,0.0,0.0
,,,,47738,14.856032127751966,,,,63.5,,3213.374849319458,1758339151,epsilon_greedy,RESULTADOS\epsilon_greedy\epsilon_greedy\1\epsilon_greedy_summary_1758339151.csv,,,,Primer Pokémon obtenido (Interrumpido por usuario),221.48828125,Interrumpido por usuario,,,,,,,,47738.0,3213.374849319458,63.5,0.0013301772173111568,14.856032127751966
,,,,14744,14.866590347832753,,,,49.3,,991.7539701461792,1758379570,epsilon_greedy,RESULTADOS\epsilon_greedy\epsilon_greedy\10\epsilon_greedy_summary_1758379570.csv,,,,Primer Pokémon obtenido (Interrumpido por usuario),188.37109375,Interrumpido por usuario,,,,,,,,14744.0,991.7539701461792,49.3,0.003343733043950081,14.866590347832753
,,,,25721,14.86217372609344,,,,37.6,,1730.6351327896118,1758382562,epsilon_greedy,RESULTADOS\epsilon_greedy\epsilon_greedy\11\epsilon_greedy_summary_1758382562.csv,,,,Primer Pokémon obtenido (Interrumpido por usuario),203.6328125,Interrumpido por usuario,,,,,,,,25721.0,1730.6351327896118,37.6,0.0014618405194199292,14.86217372609344
,,,,9293,14.875558952718823,,,,51.400000000000006,,624.7160210609436,1758339851,epsilon_greedy,RESULTADOS\epsilon_greedy\epsilon_greedy\2\epsilon_greedy_summary_1758339851.csv,,,,Primer Pokémon obtenido (Interrumpido por usuario),177.859375,Interrumpido por usuario,,,,,,,,9293.0,624.7160210609436,51.400000000000006,0.005531044872484667,14.875558952718823
,,,,12652,14.880481545165429,,,,50.0,,850.2413017749786,1758341468,epsilon_greedy,RESULTADOS\epsilon_greedy\epsilon_greedy\4\epsilon_greedy_summary_1758341468.csv,,,,Primer Pokémon obtenido (Interrumpido por usuario),182.05859375,Interrumpido por usuario,,,,,,,,12652.0,850.2413017749786,50.0,0.003951944356623459,14.880481545165429
,,,,6991,14.874199812374556,,,,45.0,,470.00847697257996,1758341959,epsilon_greedy,RESULTADOS\epsilon_greedy\epsilon_greedy\5\epsilon_greedy_summary_1758341959.csv,,,,Primer Pokémon obtenido (Interrumpido por usuario),178.8203125,Interrumpido por usuario,,,,,,,,6991.0,470.00847697258,45.0,0.006436847375196682,14.874199812374554
,,,,31748,14.882121392980617,,,,61.9,,2133.2980132102966,1758344124,epsilon_greedy,RESULTADOS\epsilon_greedy\epsilon_greedy\6\epsilon_greedy_summary_1758344124.csv,,,,Primer Pokémon obtenido (Interrumpido por usuario),214.8359375,Interrumpido por usuario,,,,,,,,31748.0,2133.2980132102966,61.9,0.0019497291167947586,14.882121392980617
,,,,23611,14.886181918864143,,,,52.6,,1586.1018042564392,1758376043,epsilon_greedy,RESULTADOS\epsilon_greedy\epsilon_greedy\7\epsilon_greedy_summary_1758376043.csv,,,,Primer Pokémon obtenido (Interrumpido por usuario),198.921875,Interrumpido por usuario,,,,,,,,23611.0,1586.1018042564392,52.6,0.0022277751895303038,14.886181918864143
,,,,31546,14.748420078222845,,,,51.2,,2138.940973520279,1758378203,epsilon_greedy,RESULTADOS\epsilon_greedy\epsilon_greedy\8\epsilon_greedy_summary_1758378203.csv,,,,Primer Pokémon obtenido (Interrumpido por usuario),215.8671875,Interrumpido por usuario,,,,,,,,31546.0,2138.940973520279,51.2,0.0016230266911811324,14.748420078222845
,,,,4535,14.734592475325766,,,,34.1,,307.77912640571594,1758378533,epsilon_greedy,RESULTADOS\epsilon_greedy\epsilon_greedy\9\epsilon_greedy_summary_1758378533.csv,,,,Primer Pokémon obtenido (Interrumpido por usuario),171.63671875,Interrumpido por usuario,,,,,,,,4535.0,307.77912640571594,34.1,0.007519294377067255,14.734592475325766
0.4276315789473684,0.999,0.1,0.9,304.0,304.0,1.0,130.0,0.5189254440789474,157.753335,5.0,0.0015137195587158,1758505057.0,epsilon_greedy_alta_exploracion,RESULTADOS\epsilon_greedy_comparison\alta_exploracion\1\epsilon_greedy_summary_1758505057.csv,,,,,,,,,,,,,,304.0,0.0015137195587158,157.753335,0.5189254440789474,3040.0
0.4117647058823529,0.999,0.1,0.9,85.0,85.0,1.0,35.0,1.359955988235294,115.596259,5.0,0.0,1758505057.0,epsilon_greedy_alta_exploracion,RESULTADOS\epsilon_greedy_comparison\alta_exploracion\10\epsilon_greedy_summary_1758505057.csv,,,,,,,,,,,,,,85.0,0.0,115.596259,1.359955988235294,850.0
1.25,0.999,0.1,0.9,4.0,4.0,1.0,5.0,25.34999625,101.399985,5.0,0.0,1758505057.0,epsilon_greedy_alta_exploracion,RESULTADOS\epsilon_greedy_comparison\alta_exploracion\11\epsilon_greedy_summary_1758505057.csv,,,,,,,,,,,,,,4.0,0.0,101.399985,25.34999625,40.0
0.3292496171516079,0.999,0.1,0.9,653.0,653.0,1.0,215.0,0.3431635758039816,224.08581500000005,5.0,0.001514196395874,1758505057.0,epsilon_greedy_alta_exploracion,RESULTADOS\epsilon_greedy_comparison\alta_exploracion\2\epsilon_greedy_summary_1758505057.csv,,,,,,,,,,,,,,653.0,0.001514196395874,224.08581500000005,0.3431635758039817,6530.0
0.3287671232876712,0.999,0.1,0.9,365.0,365.0,1.0,120.0,0.332692709589041,121.43283899999996,7.0,0.0015125274658203,1758505057.0,epsilon_greedy_alta_exploracion,RESULTADOS\epsilon_greedy_comparison\alta_exploracion\3\epsilon_greedy_summary_1758505057.csv,,,,,,,,,,,,,,365.0,0.0015125274658203,121.43283899999996,0.33269270958904096,3650.0
0.292079207920792,0.999,0.1,0.9,202.0,202.0,1.0,59.0,0.6682143267326733,134.979294,5.0,0.0015134811401367,1758505057.0,epsilon_greedy_alta_exploracion,RESULTADOS\epsilon_greedy_comparison\alta_exploracion\4\epsilon_greedy_summary_1758505057.csv,,,,,,,,,,,,,,202.0,0.0015134811401367,134.979294,0.6682143267326733,2020.0
0.3004115226337449,0.999,0.1,0.9,243.0,243.0,1.0,73.0,0.6039922222222224,146.77011000000005,5.0,0.0015158653259277,1758505057.0,epsilon_greedy_alta_exploracion,RESULTADOS\epsilon_greedy_comparison\alta_exploracion\5\epsilon_greedy_summary_1758505057.csv,,,,,,,,,,,,,,243.0,0.0015158653259277,146.77011000000005,0.6039922222222224,2430.0
0.3904494382022472,0.999,0.1,0.9,356.0,356.0,1.0,139.0,0.454314879213483,161.73609699999997,5.0,0.0010373592376708,1758505057.0,epsilon_greedy_alta_exploracion,RESULTADOS\epsilon_greedy_comparison\alta_exploracion\6\epsilon_greedy_summary_1758505057.csv,,,,,,,,,,,,,,356.0,0.0010373592376708,161.73609699999997,0.45431487921348307,3560.0
0.3471400394477317,0.999,0.1,0.9,507.0,507.0,1.0,176.0,0.3800211321499013,192.670714,5.0,0.0015156269073486,1758505057.0,epsilon_greedy_alta_exploracion,RESULTADOS\epsilon_greedy_comparison\alta_exploracion\7\epsilon_greedy_summary_1758505057.csv,,,,,,,,,,,,,,507.0,0.0015156269073486,192.670714,0.3800211321499014,5070.0
0.3758339510748703,0.999,0.1,0.9,1349.0,1349.0,1.0,507.0,0.2194129540400298,295.98807500000026,10.0,0.0030229091644287,1758505057.0,epsilon_greedy_alta_exploracion,RESULTADOS\epsilon_greedy_comparison\alta_exploracion\8\epsilon_greedy_summary_1758505057.csv,,,,,,,,,,,,,,1349.0,0.0030229091644287,295.98807500000026,0.21941295404002986,13490.0
0.3636363636363636,0.999,0.1,0.9,55.0,55.0,1.0,20.0,2.001789163636364,110.098404,5.0,0.0,1758505057.0,epsilon_greedy_alta_exploracion,RESULTADOS\epsilon_greedy_comparison\alta_exploracion\9\epsilon_greedy_summary_1758505057.csv,,,,,,,,,,,,,,55.0,0.0,110.098404,2.0017891636363636,550.0
0.4151515151515151,0.9995,0.05,0.5,330.0,330.0,1.0,137.0,0.3143789515151516,103.74505400000004,11.0,0.0015127658843994,1758505058.0,epsilon_greedy_balanceada,RESULTADOS\epsilon_greedy_comparison\balanceada\1\epsilon_greedy_summary_1758505058.csv,,,,,,,,,,,,,,330.0,0.0015127658843994,103.74505400000004,0.3143789515151516,3300.0
0.4878048780487805,0.9995,0.05,0.5,123.0,123.0,1.0,60.0,1.006441056910569,123.79225,5.0,0.0016002655029296,1758505059.0,epsilon_greedy_balanceada,RESULTADOS\epsilon_greedy_comparison\balanceada\10\epsilon_greedy_summary_1758505059.csv,,,,,,,,,,,,,,123.0,0.0016002655029296,123.79225,1.006441056910569,1230.0
0.4551724137931034,0.9995,0.05,0.5,290.0,290.0,1.0,132.0,0.516750048275862,149.85751399999998,5.0,0.0015366077423095,1758505059.0,epsilon_greedy_balanceada,RESULTADOS\epsilon_greedy_comparison\balanceada\11\epsilon_greedy_summary_1758505059.csv,,,,,,,,,,,,,,290.0,0.0015366077423095,149.85751399999998,0.516750048275862,2900.0
0.3974358974358974,0.9995,0.05,0.5,78.0,78.0,1.0,31.0,1.4961133333333332,116.69684,5.0,0.0,1758505059.0,epsilon_greedy_balanceada,RESULTADOS\epsilon_greedy_comparison\balanceada\2\epsilon_greedy_summary_1758505059.csv,,,,,,,,,,,,,,78.0,0.0,116.69684,1.4961133333333332,780.0
0.345679012345679,0.9995,0.05,0.5,162.0,162.0,1.0,56.0,0.798682925925926,129.38663400000002,5.0,0.0015132427215576,1758505059.0,epsilon_greedy_balanceada,RESULTADOS\epsilon_greedy_comparison\balanceada\3\epsilon_greedy_summary_1758505059.csv,,,,,,,,,,,,,,162.0,0.0015132427215576,129.38663400000002,0.798682925925926,1620.0
0.5,0.9995,0.05,0.5,66.0,66.0,1.0,33.0,0.9666321515151516,63.79772200000001,6.0,0.0,1758505059.0,epsilon_greedy_balanceada,RESULTADOS\epsilon_greedy_comparison\balanceada\4\epsilon_greedy_summary_1758505059.csv,,,,,,,,,,,,,,66.0,0.0,63.79772200000001,0.9666321515151516,660.0
0.3709519136408243,0.9995,0.05,0.5,1019.0,1019.0,1.0,378.0,0.2729924337585869,278.17929000000004,5.0,0.0036242008209228,1758505059.0,epsilon_greedy_balanceada,RESULTADOS\epsilon_greedy_comparison\balanceada\5\epsilon_greedy_summary_1758505059.csv,,,,,,,,,,,,,,1019.0,0.0036242008209228,278.17929000000004,0.2729924337585869,10190.0
0.3395613322502031,0.9995,0.05,0.5,1231.0,1231.0,1.0,418.0,0.2517794248578391,309.940472,5.0,0.0030238628387451,1758505059.0,epsilon_greedy_balanceada,RESULTADOS\epsilon_greedy_comparison\balanceada\6\epsilon_greedy_summary_1758505059.csv,,,,,,,,,,,,,,1231.0,0.0030238628387451,309.940472,0.25177942485783916,12310.0
0.2928571428571428,0.9995,0.05,0.5,140.0,140.0,1.0,41.0,0.8849284928571427,123.889989,5.0,0.0,1758505059.0,epsilon_greedy_balanceada,RESULTADOS\epsilon_greedy_comparison\balanceada\7\epsilon_greedy_summary_1758505059.csv,,,,,,,,,,,,,,140.0,0.0,123.889989,0.8849284928571428,1400.0
0.4848484848484848,0.9995,0.05,0.5,33.0,33.0,1.0,16.0,3.257557727272727,107.499405,5.0,0.0,1758505059.0,epsilon_greedy_balanceada,RESULTADOS\epsilon_greedy_comparison\balanceada\8\epsilon_greedy_summary_1758505059.csv,,,,,,,,,,,,,,33.0,0.0,107.499405,3.257557727272727,330.0
0.4009009009009009,0.9995,0.05,0.5,444.0,444.0,1.0,178.0,0.4027044256756756,178.80076499999998,5.0,0.0015146732330322,1758505059.0,epsilon_greedy_balanceada,RESULTADOS\epsilon_greedy_comparison\balanceada\9\epsilon_greedy_summary_1758505059.csv,,,,,,,,,,,,,,444.0,0.0015146732330322,178.80076499999998,0.40270442567567566,4440.0
0.3419354838709677,0.9998,0.01,0.3,155.0,155.0,1.0,53.0,0.8328242193548386,129.087754,5.0,0.0,1758505059.0,epsilon_greedy_conservadora,RESULTADOS\epsilon_greedy_comparison\conservadora\1\epsilon_greedy_summary_1758505059.csv,,,,,,,,,,,,,,155.0,0.0,129.087754,0.8328242193548386,1550.0
0.4482758620689655,0.9998,0.01,0.3,87.0,87.0,1.0,39.0,0.7620239540229886,66.29608400000001,13.0,0.0005037784576416,1758505060.0,epsilon_greedy_conservadora,RESULTADOS\epsilon_greedy_comparison\conservadora\10\epsilon_greedy_summary_1758505060.csv,,,,,,,,,,,,,,87.0,0.0005037784576416,66.29608400000001,0.7620239540229886,870.0
0.3389830508474576,0.9998,0.01,0.3,59.0,59.0,1.0,20.0,1.9203079661016949,113.29817,5.0,0.0,1758505060.0,epsilon_greedy_conservadora,RESULTADOS\epsilon_greedy_comparison\conservadora\11\epsilon_greedy_summary_1758505060.csv,,,,,,,,,,,,,,59.0,0.0,113.29817,1.9203079661016949,590.0
0.4433497536945813,0.9998,0.01,0.3,203.0,203.0,1.0,90.0,0.4097492118226601,83.17909000000002,6.0,0.0,1758505059.0,epsilon_greedy_conservadora,RESULTADOS\epsilon_greedy_comparison\conservadora\2\epsilon_greedy_summary_1758505059.csv,,,,,,,,,,,,,,203.0,0.0,83.17909000000002,0.40974921182266016,2030.0
0.3737864077669903,0.9998,0.01,0.3,206.0,206.0,1.0,77.0,0.6576624854368931,135.47847199999998,5.0,0.0021126270294189,1758505060.0,epsilon_greedy_conservadora,RESULTADOS\epsilon_greedy_comparison\conservadora\3\epsilon_greedy_summary_1758505060.csv,,,,,,,,,,,,,,206.0,0.0021126270294189,135.47847199999998,0.6576624854368931,2060.0
0.4277108433734939,0.9998,0.01,0.3,166.0,166.0,1.0,71.0,0.4932889879518073,81.88597200000001,12.0,0.001516580581665,1758505060.0,epsilon_greedy_conservadora,RESULTADOS\epsilon_greedy_comparison\conservadora\4\epsilon_greedy_summary_1758505060.csv,,,,,,,,,,,,,,166.0,0.001516580581665,81.88597200000001,0.4932889879518073,1660.0
0.4285714285714285,0.9998,0.01,0.3,574.0,574.0,1.0,246.0,0.2660878048780488,152.73440000000002,5.0,0.001645803451538,1758505060.0,epsilon_greedy_conservadora,RESULTADOS\epsilon_greedy_comparison\conservadora\5\epsilon_greedy_summary_1758505060.csv,,,,,,,,,,,,,,574.0,0.001645803451538,152.73440000000002,0.26608780487804884,5740.0
0.4659090909090909,0.9998,0.01,0.3,88.0,88.0,1.0,41.0,1.3215453977272729,116.295995,5.0,0.0,1758505060.0,epsilon_greedy_conservadora,RESULTADOS\epsilon_greedy_comparison\conservadora\6\epsilon_greedy_summary_1758505060.csv,,,,,,,,,,,,,,88.0,0.0,116.295995,1.3215453977272729,880.0
0.4210526315789473,0.9998,0.01,0.3,190.0,190.0,1.0,80.0,0.4525350736842105,85.981664,10.0,0.0,1758505060.0,epsilon_greedy_conservadora,RESULTADOS\epsilon_greedy_comparison\conservadora\7\epsilon_greedy_summary_1758505060.csv,,,,,,,,,,,,,,190.0,0.0,85.981664,0.4525350736842105,1900.0
0.4647887323943662,0.9998,0.01,0.3,213.0,213.0,1.0,99.0,0.6473098356807512,137.876995,5.0,0.0,1758505060.0,epsilon_greedy_conservadora,RESULTADOS\epsilon_greedy_comparison\conservadora\8\epsilon_greedy_summary_1758505060.csv,,,,,,,,,,,,,,213.0,0.0,137.876995,0.6473098356807512,2130.0
0.4648526077097505,0.9998,0.01,0.3,441.0,441.0,1.0,205.0,0.393882306122449,173.702097,5.0,0.0015134811401367,1758505060.0,epsilon_greedy_conservadora,RESULTADOS\epsilon_greedy_comparison\conservadora\9\epsilon_greedy_summary_1758505060.csv,,,,,,,,,,,,,,441.0,0.0015134811401367,173.702097,0.393882306122449,4410.0
0.3896103896103896,0.9995,0.05,0.7,77.0,77.0,1.0,30.0,1.5012586883116883,115.596919,5.0,0.0,1758505057.0,epsilon_greedy_moderada_alta,RESULTADOS\epsilon_greedy_comparison\moderada_alta\1\epsilon_greedy_summary_1758505057.csv,,,,,,,,,,,,,,77.0,0.0,115.596919,1.5012586883116883,770.0
0.3567073170731707,0.9995,0.05,0.7,328.0,328.0,1.0,117.0,0.4830662042682927,158.445715,5.0,0.0011117458343505,1758505058.0,epsilon_greedy_moderada_alta,RESULTADOS\epsilon_greedy_comparison\moderada_alta\10\epsilon_greedy_summary_1758505058.csv,,,,,,,,,,,,,,328.0,0.0011117458343505,158.445715,0.4830662042682927,3280.0
0.323943661971831,0.9995,0.05,0.7,142.0,142.0,1.0,46.0,0.8809134084507043,125.089704,5.0,0.0015192031860351,1758505058.0,epsilon_greedy_moderada_alta,RESULTADOS\epsilon_greedy_comparison\moderada_alta\11\epsilon_greedy_summary_1758505058.csv,,,,,,,,,,,,,,142.0,0.0015192031860351,125.089704,0.8809134084507042,1420.0
0.3757736516357206,0.9995,0.05,0.7,1131.0,1131.0,1.0,425.0,0.2686637683465959,303.858722,5.0,0.0030207633972167,1758505058.0,epsilon_greedy_moderada_alta,RESULTADOS\epsilon_greedy_comparison\moderada_alta\2\epsilon_greedy_summary_1758505058.csv,,,,,,,,,,,,,,1131.0,0.0030207633972167,303.858722,0.26866376834659594,11310.0
0.32,0.9995,0.05,0.7,200.0,200.0,1.0,64.0,0.683398495,136.679699,5.0,0.0015218257904052,1758505058.0,epsilon_greedy_moderada_alta,RESULTADOS\epsilon_greedy_comparison\moderada_alta\3\epsilon_greedy_summary_1758505058.csv,,,,,,,,,,,,,,200.0,0.0015218257904052,136.679699,0.683398495,2000.0
0.426056338028169,0.9995,0.05,0.7,284.0,284.0,1.0,121.0,0.5382367781690139,152.85924499999996,5.0,0.0015194416046142,1758505058.0,epsilon_greedy_moderada_alta,RESULTADOS\epsilon_greedy_comparison\moderada_alta\4\epsilon_greedy_summary_1758505058.csv,,,,,,,,,,,,,,284.0,0.0015194416046142,152.85924499999996,0.5382367781690139,2840.0
0.3508064516129032,0.9995,0.05,0.7,496.0,496.0,1.0,174.0,0.3830166270161289,189.97624699999997,5.0,0.0015316009521484,1758505058.0,epsilon_greedy_moderada_alta,RESULTADOS\epsilon_greedy_comparison\moderada_alta\5\epsilon_greedy_summary_1758505058.csv,,,,,,,,,,,,,,496.0,0.0015316009521484,189.97624699999997,0.383016627016129,4960.0
0.3587786259541984,0.9995,0.05,0.7,262.0,262.0,1.0,94.0,0.551394213740458,144.465284,5.0,0.0,1758505058.0,epsilon_greedy_moderada_alta,RESULTADOS\epsilon_greedy_comparison\moderada_alta\6\epsilon_greedy_summary_1758505058.csv,,,,,,,,,,,,,,262.0,0.0,144.465284,0.551394213740458,2620.0
0.4412811387900356,0.9995,0.05,0.7,281.0,281.0,1.0,124.0,0.5468330854092527,153.660097,5.0,0.0015943050384521,1758505058.0,epsilon_greedy_moderada_alta,RESULTADOS\epsilon_greedy_comparison\moderada_alta\7\epsilon_greedy_summary_1758505058.csv,,,,,,,,,,,,,,281.0,0.0015943050384521,153.660097,0.5468330854092527,2810.0
0.3846153846153846,0.9995,0.05,0.7,91.0,91.0,1.0,35.0,0.7461068351648352,67.895722,12.0,0.0,1758505058.0,epsilon_greedy_moderada_alta,RESULTADOS\epsilon_greedy_comparison\moderada_alta\8\epsilon_greedy_summary_1758505058.csv,,,,,,,,,,,,,,91.0,0.0,67.895722,0.7461068351648352,910.0
0.8,0.9995,0.05,0.7,10.0,10.0,1.0,8.0,10.2199934,102.199934,5.0,0.0,1758505058.0,epsilon_greedy_moderada_alta,RESULTADOS\epsilon_greedy_comparison\moderada_alta\9\epsilon_greedy_summary_1758505058.csv,,,,,,,,,,,,,,10.0,0.0,102.199934,10.2199934,100.0
0.4931506849315068,0.9999,0.01,0.1,219.0,219.0,1.0,108.0,0.6400716438356164,140.17569,5.0,0.0015180110931396,1758505060.0,epsilon_greedy_muy_greedy,RESULTADOS\epsilon_greedy_comparison\muy_greedy\1\epsilon_greedy_summary_1758505060.csv,,,,,,,,,,,,,,219.0,0.0015180110931396,140.17569,0.6400716438356164,2190.0
0.4457364341085271,0.9999,0.01,0.1,516.0,516.0,1.0,230.0,0.3664071647286819,189.0660969999999,5.0,0.0015122890472412,1758505061.0,epsilon_greedy_muy_greedy,RESULTADOS\epsilon_greedy_comparison\muy_greedy\10\epsilon_greedy_summary_1758505061.csv,,,,,,,,,,,,,,516.0,0.0015122890472412,189.0660969999999,0.36640716472868196,5160.0
0.5949367088607594,0.9999,0.01,0.1,79.0,79.0,1.0,47.0,0.8303387341772153,65.59676,6.0,0.0,1758505061.0,epsilon_greedy_muy_greedy,RESULTADOS\epsilon_greedy_comparison\muy_greedy\11\epsilon_greedy_summary_1758505061.csv,,,,,,,,,,,,,,79.0,0.0,65.59676,0.8303387341772153,790.0
0.4626038781163435,0.9999,0.01,0.1,1083.0,1083.0,1.0,501.0,0.2620608771929825,283.81193,5.0,0.0045428276062011,1758505060.0,epsilon_greedy_muy_greedy,RESULTADOS\epsilon_greedy_comparison\muy_greedy\2\epsilon_greedy_summary_1758505060.csv,,,,,,,,,,,,,,1083.0,0.0045428276062011,283.81193,0.2620608771929825,10830.0
0.4520758585340851,0.9999,0.01,0.1,1951.0,1951.0,1.0,882.0,0.1874904520758584,365.7938719999999,10.0,0.0060551166534423,1758505060.0,epsilon_greedy_muy_greedy,RESULTADOS\epsilon_greedy_comparison\muy_greedy\3\epsilon_greedy_summary_1758505060.csv,,,,,,,,,,,,,,1951.0,0.0060551166534423,365.7938719999999,0.1874904520758585,19510.0
0.5,0.9999,0.01,0.1,18.0,18.0,1.0,9.0,3.033322777777778,54.59981,11.0,0.0015134811401367,1758505061.0,epsilon_greedy_muy_greedy,RESULTADOS\epsilon_greedy_comparison\muy_greedy\4\epsilon_greedy_summary_1758505061.csv,,,,,,,,,,,,,,18.0,0.0015134811401367,54.59981,3.033322777777778,180.0
0.4562334217506631,0.9999,0.01,0.1,377.0,377.0,1.0,172.0,0.3014015092838197,113.62836900000002,14.0,0.0015113353729248,1758505061.0,epsilon_greedy_muy_greedy,RESULTADOS\epsilon_greedy_comparison\muy_greedy\5\epsilon_greedy_summary_1758505061.csv,,,,,,,,,,,,,,377.0,0.0015113353729248,113.62836900000002,0.3014015092838197,3770.0
0.5825242718446602,0.9999,0.01,0.1,103.0,103.0,1.0,60.0,1.1446071844660195,117.89454,5.0,0.0016040802001953,1758505061.0,epsilon_greedy_muy_greedy,RESULTADOS\epsilon_greedy_comparison\muy_greedy\6\epsilon_greedy_summary_1758505061.csv,,,,,,,,,,,,,,103.0,0.0016040802001953,117.89454,1.1446071844660195,1030.0
0.4797843665768194,0.9999,0.01,0.1,1113.0,1113.0,1.0,534.0,0.2550574528301885,283.8789449999999,5.0,0.0030465126037597,1758505061.0,epsilon_greedy_muy_greedy,RESULTADOS\epsilon_greedy_comparison\muy_greedy\7\epsilon_greedy_summary_1758505061.csv,,,,,,,,,,,,,,1113.0,0.0030465126037597,283.8789449999999,0.25505745283018855,11130.0
0.4276729559748428,0.9999,0.01,0.1,159.0,159.0,1.0,68.0,0.801176855345912,127.38712,5.0,0.0005121231079101,1758505061.0,epsilon_greedy_muy_greedy,RESULTADOS\epsilon_greedy_comparison\muy_greedy\8\epsilon_greedy_summary_1758505061.csv,,,,,,,,,,,,,,159.0,0.0005121231079101,127.38712,0.8011768553459119,1590.0
0.4340190667335675,0.9999,0.01,0.1,1993.0,1993.0,1.0,865.0,0.2196241771199195,437.7109849999997,5.0,0.0076534748077392,1758505061.0,epsilon_greedy_muy_greedy,RESULTADOS\epsilon_greedy_comparison\muy_greedy\9\epsilon_greedy_summary_1758505061.csv,,,,,,,,,,,,,,1993.0,0.0076534748077392,437.7109849999997,0.21962417711991958,19930.0
,,,,351,14.160922950841748,,,,26.1,,24.78652000427246,1758382670,ppo,RESULTADOS\ppo\ppo\1\ppo_summary_1758382670.csv,,,,,378.64453125,Interrumpido por usuario,PPO,runs\poke_26214400.zip,,,,,,351.0,24.78652000427246,26.1,0.07435897435897436,14.160922950841748
,,,,360,14.200870687356819,,,,26.1,,25.350558280944824,1758383596,ppo,RESULTADOS\ppo\ppo\10\ppo_summary_1758383596.csv,,,,,378.21484375,Interrumpido por usuario,PPO,runs\poke_26214400.zip,,,,,,360.0,25.350558280944824,26.1,0.07250000000000001,14.200870687356819
,,,,361,14.120286556786326,,,,26.1,,25.56605339050293,1758383636,ppo,RESULTADOS\ppo\ppo\11\ppo_summary_1758383636.csv,,,,,378.25390625,Interrumpido por usuario,PPO,runs\poke_26214400.zip,,,,,,361.0,25.56605339050293,26.1,0.07229916897506926,14.120286556786326
,,,,335,14.250960269378082,,,,26.1,,23.507187843322754,1758382781,ppo,RESULTADOS\ppo\ppo\2\ppo_summary_1758382781.csv,,,,,378.58203125,Interrumpido por usuario,PPO,runs\poke_26214400.zip,,,,,,335.0,23.507187843322757,26.1,0.07791044776119403,14.25096026937808
,,,,336,14.068465033416253,,,,26.1,,23.88320255279541,1758382850,ppo,RESULTADOS\ppo\ppo\3\ppo_summary_1758382850.csv,,,,,377.9375,Interrumpido por usuario,PPO,runs\poke_26214400.zip,,,,,,336.0,23.88320255279541,26.1,0.07767857142857143,14.068465033416253
,,,,292,14.18143144185442,,,,25.6,,20.59030508995056,1758382892,ppo,RESULTADOS\ppo\ppo\4\ppo_summary_1758382892.csv,,,,,378.69921875,Interrumpido por usuario,PPO,runs\poke_26214400.zip,,,,,,292.0,20.59030508995056,25.6,0.08767123287671233,14.18143144185442
,,,,344,11.766059957186544,,,,26.1,,29.236634969711304,1758382944,ppo,RESULTADOS\ppo\ppo\5\ppo_summary_1758382944.csv,,,,,378.2109375,Interrumpido por usuario,PPO,runs\poke_26214400.zip,,,,,,344.0,29.236634969711304,26.1,0.07587209302325582,11.766059957186544
,,,,324,14.196942697277512,,,,25.8,,22.821815013885498,1758383335,ppo,RESULTADOS\ppo\ppo\6\ppo_summary_1758383335.csv,,,,,377.765625,Interrumpido por usuario,PPO,runs\poke_26214400.zip,,,,,,324.0,22.821815013885494,25.8,0.07962962962962963,14.196942697277514
,,,,316,14.174072574670218,,,,25.6,,22.294227600097656,1758383402,ppo,RESULTADOS\ppo\ppo\7\ppo_summary_1758383402.csv,,,,,378.8671875,Interrumpido por usuario,PPO,runs\poke_26214400.zip,,,,,,316.0,22.294227600097656,25.6,0.0810126582278481,14.174072574670218
,,,,317,14.21663955859799,,,,25.6,,22.297815084457397,1758383443,ppo,RESULTADOS\ppo\ppo\8\ppo_summary_1758383443.csv,,,,,377.63671875,Interrumpido por usuario,PPO,runs\poke_26214400.zip,,,,,,317.0,22.2978150844574,25.6,0.08075709779179811,14.216639558597986
,,,,292,13.930670498177989,,,,25.6,,20.960943698883057,1758383477,ppo,RESULTADOS\ppo\ppo\9\ppo_summary_1758383477.csv,,,,,378.92578125,Interrumpido por usuario,PPO,runs\poke_26214400.zip,,,,,,292.0,20.960943698883057,25.6,0.08767123287671233,13.930670498177989
,,,,16,,1,,,15.86,,0.005,,bfs_default,RESULTADOS\search_algorithms_comparison\bfs_default\1\bfs_summary_1758506178.csv,,,160.0,,,,,,0,Bfs,0.9912,16,Pokemon obtenido,16.0,0.005,15.86,0.99125,160.0
,,,,26,,1,,,17.46,,0.006,,bfs_default,RESULTADOS\search_algorithms_comparison\bfs_default\10\bfs_summary_1758506184.csv,,,260.0,,,,,,0,Bfs,0.6715,25,Pokemon obtenido,26.0,0.006,17.46,0.6715384615384615,260.0
,,,,29,,1,,,18.85,,0.007,,bfs_default,RESULTADOS\search_algorithms_comparison\bfs_default\11\bfs_summary_1758506185.csv,,,290.0,,,,,,0,Bfs,0.65,29,Pokemon obtenido,29.0,0.007,18.85,0.65,290.0
,,,,14,,1,,,12.55,,0.003,,bfs_default,RESULTADOS\search_algorithms_comparison\bfs_default\2\bfs_summary_1758506178.csv,,,140.0,,,,,,0,Bfs,0.8964,14,Pokemon obtenido,14.0,0.003,12.55,0.8964285714285715,140.0
,,,,24,,1,,,16.5,,0.004,,bfs_default,RESULTADOS\search_algorithms_comparison\bfs_default\3\bfs_summary_1758506179.csv,,,240.0,,,,,,0,Bfs,0.6875,24,Pokemon obtenido,24.0,0.004,16.5,0.6875,240.0
,,,,57,,1,,,31.15,,0.011,,bfs_default,RESULTADOS\search_algorithms_comparison\bfs_default\4\bfs_summary_1758506180.csv,,,570.0,,,,,,0,Bfs,0.5465,55,Pokemon obtenido,57.0,0.011,31.15,0.5464912280701754,570.0
,,,,12,,1,,,12.28,,0.003,,bfs_default,RESULTADOS\search_algorithms_comparison\bfs_default\5\bfs_summary_1758506180.csv,,,120.0,,,,,,0,Bfs,1.0233,12,Pokemon obtenido,12.0,0.003,12.28,1.0233333333333332,120.0
,,,,50,,1,,,28.11,,0.009,,bfs_default,RESULTADOS\search_algorithms_comparison\bfs_default\6\bfs_summary_1758506181.csv,,,500.0,,,,,,1,Bfs,0.5622,48,Pokemon obtenido,50.0,0.009,28.11,0.5622,500.0
,,,,49,,1,,,25.73,,0.009,,bfs_default,RESULTADOS\search_algorithms_comparison\bfs_default\7\bfs_summary_1758506182.csv,,,490.0,,,,,,0,Bfs,0.5251,46,Pokemon obtenido,49.0,0.009,25.73,0.5251020408163265,490.0
,,,,15,,1,,,13.7,,0.005,,bfs_default,RESULTADOS\search_algorithms_comparison\bfs_default\8\bfs_summary_1758506182.csv,,,150.0,,,,,,1,Bfs,0.9133,15,Pokemon obtenido,15.0,0.005,13.7,0.9133333333333333,150.0
,,,,28,,1,,,17.56,,0.007,,bfs_default,RESULTADOS\search_algorithms_comparison\bfs_default\9\bfs_summary_1758506183.csv,,,280.0,,,,,,1,Bfs,0.6271,28,Pokemon obtenido,28.0,0.007,17.56,0.6271428571428571,280.0
,,,,2,,1,,,11.53,,0.0,,hill_climbing_first_improvement,RESULTADOS\search_algorithms_comparison\hill_climbing_first_improvement\9\hill_climbing_(first_improvement)_summary_1758506205.csv,,,20.0,,,,,,1,Hill Climbing (first_improvement),5.765,2,Pokemon obtenido,2.0,0.0,11.53,5.765,20.0
,,,,2,,1,,,11.53,,0.001,,hill_climbing_random_restart,RESULTADOS\search_algorithms_comparison\hill_climbing_random_restart\1\hill_climbing_(random_restart)_summary_1758506207.csv,,,20.0,,,,,,0,Hill Climbing (random_restart),5.765,2,Pokemon obtenido,2.0,0.001,11.53,5.765,20.0
,,,,4,,1,,,11.6,,0.002,,hill_climbing_random_restart,RESULTADOS\search_algorithms_comparison\hill_climbing_random_restart\5\hill_climbing_(random_restart)_summary_1758506210.csv,,,40.0,,,,,,0,Hill Climbing (random_restart),2.9,4,Pokemon obtenido,4.0,0.002,11.6,2.9,40.0
,,,,2,,1,,,12.53,,0.0,,hill_climbing_random_restart,RESULTADOS\search_algorithms_comparison\hill_climbing_random_restart\9\hill_climbing_(random_restart)_summary_1758506213.csv,,,20.0,,,,,,0,Hill Climbing (random_restart),6.265,2,Pokemon obtenido,2.0,0.0,12.53,6.265,20.0
,,,,4,,1,,,11.6,,0.0,,hill_climbing_steepest_ascent,RESULTADOS\search_algorithms_comparison\hill_climbing_steepest_ascent\11\hill_climbing_(steepest_ascent)_summary_1758506199.csv,,,40.0,,,,,,0,Hill Climbing (steepest_ascent),2.9,4,Pokemon obtenido,4.0,0.0,11.6,2.9,40.0
,,,,2,,1,,,11.53,,0.0,,hill_climbing_steepest_ascent,RESULTADOS\search_algorithms_comparison\hill_climbing_steepest_ascent\2\hill_climbing_(steepest_ascent)_summary_1758506193.csv,,,20.0,,,,,,0,Hill Climbing (steepest_ascent),5.765,2,Pokemon obtenido,2.0,0.0,11.53,5.765,20.0
,,,,5,,1,,,12.15,,0.002,,simulated_annealing_default,RESULTADOS\search_algorithms_comparison\simulated_annealing_default\1\simulated_annealing_summary_1758506185.csv,,,50.0,,,,,,6,Simulated Annealing,2.43,5,Pokemon obtenido,5.0,0.002,12.15,2.43,50.0
,,,,42,,1,,,22.77,,0.007,,simulated_annealing_default,RESULTADOS\search_algorithms_comparison\simulated_annealing_default\10\simulated_annealing_summary_1758506191.csv,,,420.0,,,,,,1,Simulated Annealing,0.5421,40,Pokemon obtenido,42.0,0.007,22.77,0.5421428571428571,420.0
,,,,5,,1,,,12.15,,0.002,,simulated_annealing_default,RESULTADOS\search_algorithms_comparison\simulated_annealing_default\11\simulated_annealing_summary_1758506192.csv,,,50.0,,,,,,3,Simulated Annealing,2.43,5,Pokemon obtenido,5.0,0.002,12.15,2.43,50.0
,,,,20,,1,,,14.6,,0.005,,simulated_annealing_default,RESULTADOS\search_algorithms_comparison\simulated_annealing_default\2\simulated_annealing_summary_1758506186.csv,,,200.0,,,,,,5,Simulated Annealing,0.73,20,Pokemon obtenido,20.0,0.005,14.6,0.73,200.0
,,,,1,,1,,,12.01,,0.0,,simulated_annealing_default,RESULTADOS\search_algorithms_comparison\simulated_annealing_default\3\simulated_annealing_summary_1758506187.csv,,,10.0,,,,,,4,Simulated Annealing,12.01,1,Pokemon obtenido,1.0,0.0,12.01,12.01,10.0
,,,,42,,1,,,25.49,,0.01,,simulated_annealing_default,RESULTADOS\search_algorithms_comparison\simulated_annealing_default\4\simulated_annealing_summary_1758506187.csv,,,420.0,,,,,,2,Simulated Annealing,0.6069,40,Pokemon obtenido,42.0,0.01,25.49,0.6069047619047618,420.0
,,,,4,,1,,,13.6,,0.002,,simulated_annealing_default,RESULTADOS\search_algorithms_comparison\simulated_annealing_default\5\simulated_annealing_summary_1758506188.csv,,,40.0,,,,,,4,Simulated Annealing,3.4,4,Pokemon obtenido,4.0,0.002,13.6,3.4,40.0
,,,,23,,1,,,16.26,,0.003,,simulated_annealing_default,RESULTADOS\search_algorithms_comparison\simulated_annealing_default\6\simulated_annealing_summary_1758506189.csv,,,230.0,,,,,,1,Simulated Annealing,0.707,23,Pokemon obtenido,23.0,0.003,16.26,0.7069565217391305,230.0
,,,,5,,1,,,11.65,,0.0,,simulated_annealing_default,RESULTADOS\search_algorithms_comparison\simulated_annealing_default\7\simulated_annealing_summary_1758506189.csv,,,50.0,,,,,,1,Simulated Annealing,2.33,5,Pokemon obtenido,5.0,0.0,11.65,2.33,50.0
,,,,2,,1,,,11.53,,0.0,,simulated_annealing_default,RESULTADOS\search_algorithms_comparison\simulated_annealing_default\8\simulated_annealing_summary_1758506190.csv,,,20.0,,,,,,0,Simulated Annealing,5.765,2,Pokemon obtenido,2.0,0.0,11.53,5.765,20.0
,,,,8,,1,,,12.36,,0.002,,simulated_annealing_default,RESULTADOS\search_algorithms_comparison\simulated_annealing_default\9\simulated_annealing_summary_1758506191.csv,,,80.0,,,,,,2,Simulated Annealing,1.545,8,Pokemon obtenido,8.0,0.002,12.36,1.545,80.0
